x_over_c,Cf,x_lower,x_upper,y_lower,y_upper,pixel_x,pixel_y,marker_score
0.02146690518783542,0.02986206896551724,0.017889087656529516,0.02504472271914132,0.029724137931034483,0.03,258,148,0.6125140291806961
0.023255813953488372,0.028034482758620693,0.01967799642218247,0.026833631484794274,0.027896551724137936,0.02817241379310345,260,201,0.6056046576879912
0.03398926654740608,0.021931034482758623,0.03041144901610018,0.03756708407871199,0.021793103448275866,0.02206896551724138,272,378,0.594416386083053
0.04561717352415027,0.018275862068965518,0.04203935599284436,0.049194991055456175,0.01813793103448276,0.018413793103448275,285,484,0.5852974186307525
0.0706618962432916,0.011724137931034483,0.0670840787119857,0.0742397137745975,0.011586206896551725,0.01186206896551724,313,674,0.6024130190796864
0.08944543828264759,0.008620689655172414,0.08586762075134169,0.09302325581395349,0.008482758620689656,0.008758620689655171,334,764,0.6065516273849613
0.11001788908765653,0.006137931034482759,0.10644007155635063,0.11359570661896243,0.006,0.006275862068965517,357,836,0.5832631874298548
0.1261180679785331,0.004758620689655173,0.12254025044722719,0.129695885509839,0.0046206896551724145,0.004896551724137932,375,876,0.6155653759820432
0.1511627906976744,0.002896551724137931,0.1475849731663685,0.1547406082289803,0.002758620689655172,0.0030344827586206895,403,930,0.6106200897867567
0.2522361359570662,-0.0007241379310344827,0.24865831842576028,0.2558139534883721,-0.0008620689655172414,-0.0005862068965517241,516,1035,0.5864548260381589
0.32379248658318427,-0.001,0.32021466905187834,0.3273703041144902,-0.0011379310344827587,-0.0008620689655172414,596,1043,0.5910493827160497
0.3747763864042934,-0.0009655172413793105,0.37119856887298747,0.3783542039355993,-0.001103448275862069,-0.0008275862068965518,653,1042,0.6080948372615045
0.42486583184257604,-0.000896551724137931,0.4212880143112701,0.42844364937388196,-0.0010344827586206897,-0.0007586206896551724,709,1040,0.598274410774411
0.4740608228980322,-0.0008275862068965517,0.47048300536672627,0.4776386404293381,-0.0009655172413793104,-0.000689655172413793,764,1038,0.580422278338945
0.5152057245080501,-0.00048275862068965523,0.5116279069767442,0.5187835420393561,-0.0006206896551724138,-0.00034482758620689663,810,1028,0.623456790123457
0.5456171735241503,-0.0008620689655172414,0.5420393559928444,0.5491949910554562,-0.001,-0.0007241379310344827,844,1039,0.6547418630751969
0.5706618962432916,-0.0044482758620689655,0.5670840787119856,0.5742397137745975,-0.004586206896551724,-0.004310344827586207,872,1143,0.5891203703703707
0.592128801431127,-0.006758620689655172,0.5885509838998211,0.5957066189624329,-0.006896551724137931,-0.006620689655172414,896,1210,0.6621422558922562
0.6073345259391771,-0.005344827586206896,0.6037567084078712,0.6109123434704831,-0.005482758620689655,-0.005206896551724138,913,1169,0.5950476992143662
0.6216457960644007,-0.0031379310344827587,0.6180679785330948,0.6252236135957067,-0.0032758620689655174,-0.003,929,1105,0.6119177890011225
0.629695885509839,-0.0014482758620689654,0.6261180679785331,0.6332737030411449,-0.001586206896551724,-0.0013103448275862068,938,1056,0.5863496071829408
0.6377459749552773,0.0003793103448275862,0.6341681574239714,0.6413237924865832,0.00024137931034482756,0.0005172413793103448,947,1003,0.6046927609427607
0.646690518783542,0.0020689655172413794,0.6431127012522361,0.6502683363148479,0.0019310344827586207,0.002206896551724138,957,954,0.6067971380471384
0.669051878354204,0.005517241379310345,0.6654740608228981,0.6726296958855099,0.005379310344827587,0.005655172413793104,982,854,0.5804222783389454
0.7164579606440071,0.007620689655172414,0.7128801431127012,0.7200357781753131,0.007482758620689655,0.007758620689655172,1035,793,0.6320145903479242
0.7540250447227191,0.007620689655172414,0.7504472271914132,0.7576028622540251,0.007482758620689655,0.007758620689655172,1077,793,0.6313131313131317
0.8899821109123435,0.006068965517241379,0.8864042933810375,0.8935599284436494,0.00593103448275862,0.006206896551724138,1229,838,0.5896815375982047
0.947227191413238,0.005,0.943649373881932,0.9508050089445439,0.0048620689655172415,0.005137931034482759,1293,869,0.6199494949494948
