x_over_c,Cp,x_lower,x_upper,y_lower,y_upper,pixel_x,pixel_y,marker_score
-0.009632224168126095,-1.0297619047619047,-0.013134851138353765,-0.006129597197898424,-1.0376984126984126,-1.0218253968253967,215,228,0.6684203142536477
-0.009632224168126095,-0.9841269841269841,-0.013134851138353765,-0.006129597197898424,-0.992063492063492,-0.9761904761904762,215,251,0.6308922558922564
-0.009632224168126095,0.5238095238095238,-0.013134851138353765,-0.006129597197898424,0.5158730158730159,0.5317460317460317,215,1011,0.5852272727272724
0.0,0.021825396825396824,-0.0035026269702276708,0.0035026269702276708,0.013888888888888888,0.02976190476190476,226,758,0.806081649831651
0.0008756567425569177,-0.4107142857142857,-0.002626970227670753,0.0043782837127845885,-0.4186507936507936,-0.4027777777777778,227,540,0.6564955106621777
0.0008756567425569177,-0.30158730158730157,-0.002626970227670753,0.0043782837127845885,-0.30952380952380953,-0.2936507936507936,227,595,0.671506734006734
0.0008756567425569177,-0.19444444444444445,-0.002626970227670753,0.0043782837127845885,-0.20238095238095238,-0.1865079365079365,227,649,0.6756453423120096
0.0008756567425569177,-0.08531746031746032,-0.002626970227670753,0.0043782837127845885,-0.09325396825396826,-0.07738095238095238,227,704,0.6707000561167235
0.0008756567425569177,0.13095238095238096,-0.002626970227670753,0.0043782837127845885,0.12301587301587302,0.1388888888888889,227,813,0.7733585858585862
0.0008756567425569177,0.23809523809523808,-0.002626970227670753,0.0043782837127845885,0.23015873015873015,0.24603174603174602,227,867,0.7047909652076322
0.0008756567425569177,0.34523809523809523,-0.002626970227670753,0.0043782837127845885,0.3373015873015873,0.35317460317460314,227,921,0.6564955106621777
0.0008756567425569177,0.4662698412698413,-0.002626970227670753,0.0043782837127845885,0.45833333333333337,0.4742063492063492,227,982,0.6859567901234572
0.0008756567425569177,0.6607142857142857,-0.002626970227670753,0.0043782837127845885,0.6527777777777778,0.6686507936507936,227,1080,0.7143658810325478
0.0017513134851138354,-0.7321428571428571,-0.0017513134851138354,0.005253940455341506,-0.740079365079365,-0.7242063492063492,228,378,0.6492704826038165
0.0017513134851138354,-0.625,-0.0017513134851138354,0.005253940455341506,-0.6329365079365079,-0.6170634920634921,228,432,0.6577932098765432
0.0017513134851138354,-0.5178571428571429,-0.0017513134851138354,0.005253940455341506,-0.5257936507936508,-0.509920634920635,228,486,0.5876122334455661
0.0017513134851138354,0.5714285714285714,-0.0017513134851138354,0.005253940455341506,0.5634920634920635,0.5793650793650793,228,1035,0.7159090909090913
0.002626970227670753,-0.8412698412698413,-0.0008756567425569177,0.006129597197898424,-0.8492063492063492,-0.8333333333333334,229,323,0.6575476992143661
0.0035026269702276708,1.0,0.0,0.0070052539404553416,0.9920634920634921,1.007936507936508,230,1251,0.5854026374859704
0.0043782837127845885,-0.9543650793650794,0.0008756567425569177,0.00788091068301226,-0.9623015873015873,-0.9464285714285715,231,266,0.6394500561167227
0.0070052539404553416,0.9186507936507936,0.0035026269702276708,0.010507880910683012,0.9107142857142857,0.9265873015873015,234,1210,0.6081649831649834
0.008756567425569177,-1.0575396825396826,0.005253940455341506,0.012259194395796848,-1.0654761904761905,-1.0496031746031746,236,214,0.6575476992143662
0.014010507880910683,-1.1567460317460319,0.010507880910683012,0.017513134851138354,-1.1646825396825398,-1.148809523809524,242,164,0.6621773288439958
0.0148861646234676,0.7083333333333334,0.01138353765323993,0.01838879159369527,0.7003968253968255,0.7162698412698413,243,1104,0.6745931537598209
0.020140105078809107,0.5952380952380952,0.016637478108581436,0.023642732049036778,0.5873015873015873,0.6031746031746031,249,1047,0.691638608305275
0.02626970227670753,0.49603174603174605,0.02276707530647986,0.0297723292469352,0.48809523809523814,0.503968253968254,256,997,0.6805204826038156
0.03239929947460595,-1.2242063492063493,0.02889667250437828,0.03590192644483362,-1.2321428571428572,-1.2162698412698414,263,130,0.6111111111111113
0.03765323992994746,0.37896825396825395,0.03415061295971979,0.04115586690017513,0.37103174603174605,0.38690476190476186,269,938,0.6435886644219976
0.053415061295971976,-1.1706349206349207,0.049912434325744305,0.05691768826619965,-1.1785714285714286,-1.1626984126984128,287,157,0.6195636924803587
0.0595446584938704,0.2698412698412698,0.05604203152364273,0.06304728546409807,0.26190476190476186,0.2777777777777778,294,883,0.6500771604938271
0.07793345008756568,-1.0853174603174602,0.07443082311733801,0.08143607705779335,-1.0932539682539681,-1.0773809523809523,315,200,0.6600729517396184
0.09106830122591944,0.19444444444444445,0.08756567425569177,0.09457092819614711,0.1865079365079365,0.20238095238095238,330,845,0.6711910774410778
0.0989492119089317,-1.0119047619047619,0.09544658493870403,0.10245183887915937,-1.0198412698412698,-1.003968253968254,339,237,0.6598274410774403
0.11471103327495621,-0.9623015873015873,0.11120840630472854,0.11821366024518389,-0.9702380952380952,-0.9543650793650794,357,262,0.6366091470258144
0.11996497373029773,0.15873015873015872,0.11646234676007006,0.1234676007005254,0.15079365079365079,0.16666666666666666,363,827,0.6689113355780019
0.14185639229422067,-0.8809523809523809,0.13835376532399302,0.14535901926444833,-0.8888888888888888,-0.873015873015873,388,303,0.6413089225589227
0.14623467600700527,0.13095238095238096,0.1427320490367776,0.14973730297723292,0.12301587301587302,0.1388888888888889,393,813,0.6807659932659923
0.16987740805604204,-0.8115079365079365,0.16637478108581438,0.1733800350262697,-0.8194444444444444,-0.8035714285714286,420,338,0.678486251402918
0.18213660245183888,0.1111111111111111,0.1786339754816112,0.18563922942206657,0.10317460317460317,0.11904761904761904,434,803,0.6691568462401782
0.18914185639229422,-0.7678571428571429,0.18563922942206657,0.19264448336252188,-0.7757936507936508,-0.759920634920635,442,360,0.6750841750841747
0.22154115586690018,-0.7083333333333334,0.21803852889667252,0.22504378283712784,-0.7162698412698413,-0.7003968253968255,479,390,0.6592662738496071
0.22416812609457093,0.0992063492063492,0.22066549912434325,0.22767075306479861,0.09126984126984126,0.10714285714285714,482,797,0.6619318181818176
0.2478108581436077,-0.6686507936507936,0.24430823117338002,0.2513134851138354,-0.6765873015873015,-0.6607142857142857,509,410,0.588804713804714
0.26444833625218916,0.08928571428571429,0.2609457092819615,0.26795096322241685,0.08134920634920635,0.09722222222222222,528,792,0.6632295173961844
0.30472854640980734,-0.6130952380952381,0.30122591943957966,0.30823117338003503,-0.621031746031746,-0.6051587301587302,574,438,0.6796085858585854
0.3073555166374781,0.08333333333333333,0.30385288966725044,0.3108581436077058,0.07539682539682539,0.09126984126984126,577,789,0.6619318181818183
0.3318739054290718,-0.5972222222222222,0.3283712784588441,0.3353765323992995,-0.6051587301587301,-0.5892857142857143,605,446,0.7449494949494939
0.34938704028021017,0.08134920634920635,0.3458844133099825,0.35288966725043786,0.07341269841269842,0.08928571428571429,625,788,0.6663159371492702
0.35376532399299476,-0.5853174603174603,0.3502626970227671,0.35726795096322245,-0.5932539682539683,-0.5773809523809524,630,452,0.7733585858585847
0.38879159369527144,-0.5734126984126984,0.38528896672504376,0.3922942206654991,-0.5813492063492063,-0.5654761904761905,670,458,0.7619949494949487
0.3922942206654991,0.07738095238095238,0.38879159369527144,0.3957968476357268,0.06944444444444445,0.08531746031746032,674,786,0.6564955106621775
0.4159369527145359,-0.5654761904761905,0.4124343257443082,0.4194395796847636,-0.5734126984126984,-0.5575396825396826,701,462,0.7733585858585852
0.4343257443082312,0.07738095238095238,0.4308231173380035,0.43782837127845886,0.06944444444444445,0.08531746031746032,722,786,0.6792227833894502
0.43782837127845886,-0.5595238095238095,0.4343257443082312,0.44133099824868655,-0.5674603174603174,-0.5515873015873016,726,465,0.7733585858585859
0.47285464098073554,-0.5535714285714286,0.46935201401050786,0.4763572679509632,-0.5615079365079365,-0.5456349206349207,766,468,0.7619949494949478
0.4746059544658494,0.07341269841269842,0.4711033274956217,0.4781085814360771,0.06547619047619048,0.08134920634920635,768,784,0.6562500000000002
0.5017513134851138,-0.5535714285714286,0.49824868651488613,0.5052539404553414,-0.5615079365079365,-0.5456349206349207,799,468,0.7761994949494931
0.5166374781085814,0.07539682539682539,0.5131348511383538,0.520140105078809,0.06746031746031746,0.08333333333333333,816,785,0.6564955106621772
0.5201401050788091,-0.5535714285714286,0.5166374781085815,0.5236427320490368,-0.5615079365079365,-0.5456349206349207,820,468,0.7761994949494931
0.5525394045534151,-0.5595238095238095,0.5490367775831875,0.5560420315236427,-0.5674603174603174,-0.5515873015873016,857,465,0.6490951178451172
0.5595446584938704,0.07738095238095238,0.5560420315236427,0.563047285464098,0.06944444444444445,0.08531746031746032,865,786,0.6805204826038159
0.5735551663747811,-0.5436507936507936,0.5700525394045535,0.5770577933450087,-0.5515873015873015,-0.5357142857142857,881,473,0.7104727833894491
0.5884413309982487,-0.501984126984127,0.5849387040280211,0.5919439579684763,-0.5099206349206349,-0.49404761904761907,898,494,0.6907617845117848
0.5998248686514887,-0.45634920634920634,0.596322241681261,0.6033274956217163,-0.4642857142857143,-0.4484126984126984,911,517,0.6339436026936027
0.6024518388791593,0.07936507936507936,0.5989492119089317,0.605954465849387,0.07142857142857142,0.0873015873015873,914,787,0.6689113355780012
0.6103327495621717,-0.3888888888888889,0.606830122591944,0.6138353765323993,-0.39682539682539686,-0.38095238095238093,923,551,0.6561097081930418
0.6252189141856392,-0.2996031746031746,0.6217162872154116,0.6287215411558669,-0.30753968253968256,-0.29166666666666663,940,596,0.6572320426487097
0.6357267950963222,-0.24404761904761904,0.6322241681260946,0.6392294220665499,-0.251984126984127,-0.2361111111111111,952,624,0.659757295173962
0.6436077057793345,0.08333333333333333,0.6401050788091068,0.6471103327495621,0.07539682539682539,0.09126984126984126,961,789,0.6650182379349047
0.660245183887916,-0.15674603174603174,0.6567425569176883,0.6637478108581436,-0.16468253968253968,-0.1488095238095238,980,668,0.6838524130190796
0.6838879159369528,0.0873015873015873,0.6803852889667251,0.6873905429071804,0.07936507936507936,0.09523809523809523,1007,791,0.6805204826038169
0.6882661996497373,-0.11507936507936507,0.6847635726795097,0.691768826619965,-0.12301587301587301,-0.10714285714285714,1012,689,0.6962682379349042
0.7092819614711033,-0.10515873015873016,0.7057793345008757,0.712784588441331,-0.1130952380952381,-0.09722222222222222,1036,694,0.6862023007856337
0.7276707530647986,0.09325396825396826,0.7241681260945709,0.7311733800350262,0.08531746031746032,0.10119047619047619,1057,794,0.667859147025813
0.7425569176882661,-0.09126984126984126,0.7390542907180385,0.7460595446584938,-0.0992063492063492,-0.08333333333333333,1074,701,0.6953914141414145
0.7670753064798599,0.09722222222222222,0.7635726795096323,0.7705779334500875,0.08928571428571429,0.10515873015873016,1102,796,0.6564955106621765
0.7688266199649737,-0.08333333333333333,0.7653239929947461,0.7723292469352013,-0.09126984126984126,-0.07539682539682539,1104,705,0.6763818742985404
0.7907180385288967,-0.07738095238095238,0.787215411558669,0.7942206654991243,-0.08531746031746032,-0.06944444444444445,1129,708,0.6862023007856328
0.8099824868651488,0.10515873015873016,0.8064798598949212,0.8134851138353765,0.09722222222222222,0.1130952380952381,1151,800,0.6521113916947243
0.8257443082311734,-0.05952380952380952,0.8222416812609458,0.829246935201401,-0.06746031746031746,-0.051587301587301584,1169,717,0.6593364197530862
0.852014010507881,0.10912698412698413,0.8485113835376533,0.8555166374781086,0.10119047619047619,0.11706349206349206,1199,802,0.6805204826038158
0.8528896672504378,-0.04563492063492063,0.8493870402802102,0.8563922942206654,-0.05357142857142857,-0.037698412698412696,1200,724,0.6858866442199775
0.8747810858143608,-0.03373015873015873,0.8712784588441331,0.8782837127845884,-0.041666666666666664,-0.025793650793650792,1225,730,0.6887275533108856
0.8975481611208407,0.10714285714285714,0.894045534150613,0.9010507880910683,0.0992063492063492,0.11507936507936507,1251,801,0.698863636363637
0.9098073555166375,-0.011904761904761904,0.9063047285464099,0.9133099824868651,-0.01984126984126984,-0.003968253968253968,1265,741,0.6869388327721656
0.936077057793345,0.007936507936507936,0.9325744308231174,0.9395796847635727,0.0,0.015873015873015872,1295,751,0.6884820426487104
0.9492119089316988,0.09722222222222222,0.9457092819614712,0.9527145359019265,0.08928571428571429,0.10515873015873016,1310,796,0.6966189674523003
0.957092819614711,0.03373015873015873,0.9535901926444834,0.9605954465849387,0.025793650793650792,0.041666666666666664,1319,764,0.6362934904601567
0.989492119089317,0.05952380952380952,0.9859894921190894,0.9929947460595446,0.051587301587301584,0.06746031746031746,1356,777,0.5936097081930408
