u_t_over_Uinf,n_over_c,x_lower,x_upper,y_lower,y_upper,pixel_x,pixel_y,marker_score
0.23319268635724333,0.0008926288198440098,0.22991944764096664,0.23646592507352002,0.0006880514000767166,0.001097206239611303,814,2159,0.8127714285714277
0.31093210586881476,0.0011994949494949494,0.30765886715253804,0.3142053445850915,0.0009949175297276562,0.0014040723692622427,909,2153,0.7756857142857145
0.38948983505945534,0.0014040723692622429,0.3862165963431786,0.39276307377573205,0.0011994949494949496,0.0016086497890295361,1005,2149,0.7495142857142859
0.4680475642500959,0.001608649789029536,0.4647743255338192,0.47132080296637263,0.0014040723692622427,0.0018132272087968292,1101,2145,0.7157142857142861
0.5466052934407365,0.0018132272087968292,0.5433320547244598,0.5498785321570132,0.001608649789029536,0.0020178046285641224,1197,2141,0.7292000000000005
0.6243447129523079,0.002120093338447769,0.6210714742360312,0.6276179516685846,0.0019155159186804757,0.002324670758215062,1292,2135,0.7491142857142866
0.7029024421429485,0.0022735264032732387,0.6996292034266718,0.7061756808592252,0.0020689489835059457,0.0024781038230405317,1388,2132,0.7355428571428589
0.781460171333589,0.002529248177982355,0.7781869326173123,0.7847334100498657,0.002324670758215062,0.002733825597749648,1484,2127,0.7727714285714294
0.8600179005242297,0.0027849699526914717,0.856744661807953,0.8632911392405064,0.0025803925329241787,0.0029895473724587647,1580,2122,0.7778571428571432
0.9385756297148702,0.003040691727400588,0.9353023909985935,0.9418488684311469,0.002836114307633295,0.003245269147167881,1676,2117,0.741428571428572
1.0163150492264417,0.0032452691471678815,1.013041810510165,1.0195882879427183,0.0030406917274005884,0.0034498465669351745,1771,2113,0.7777714285714286
1.0956910880961515,0.0036032796317606447,1.0924178493798749,1.098964326812428,0.0033987022119933517,0.0038078570515279377,1868,2106,0.7556285714285714
1.1734305076077227,0.003961290116353408,1.1701572688914461,1.1767037463239993,0.003756712696586115,0.004165867536120701,1963,2099,0.7785714285714284
1.2388952819332566,0.0981180475642501,1.23562204321698,1.2421685206495332,0.09791347014448282,0.09832262498401739,2043,258,0.8299142857142858
1.2470783787239483,0.09131584835698761,1.2438051400076717,1.250351617440225,0.09111127093722032,0.0915204257767549,2053,391,0.7035714285714288
1.2519882367983635,0.004370444955887994,1.2487149980820869,1.25526147551464,0.004165867536120701,0.004575022375655287,2059,2091,0.7500000000000004
1.2544431658355708,0.0849228039892597,1.2511699271192942,1.2577164045518474,0.0847182265694924,0.08512738140902698,2062,516,0.7184857142857144
1.2634445723053318,0.07832518220176449,1.2601713335890552,1.2667178110216084,0.0781206047819972,0.07852975962153178,2073,645,0.7000000000000002
1.274082598133231,0.07070467331543281,1.2708093594169545,1.2773558368495077,0.07050009589566553,0.0709092507352001,2086,794,0.6606285714285713
1.2855389336401994,0.06369789668840302,1.2822656949239228,1.288812172356476,0.06349331926863573,0.0639024741081703,2100,931,0.6892000000000001
1.2961769594680987,0.057560574095384225,1.2929037207518221,1.2994501981843753,0.05735599667561693,0.05776515151515152,2113,1051,0.7171428571428574
1.306814985295998,0.0513721071474236,1.3035417465797214,1.3100882240122746,0.051167529727656307,0.051576684567190896,2126,1172,0.6692857142857143
1.320726249840174,0.04446761923027746,1.3174530111238973,1.3239994885564506,0.04426304181051016,0.04467219665004475,2143,1307,0.6678571428571429
1.330545965989004,0.004984177215189874,1.3272727272727274,1.3338192047052806,0.004779599795422581,0.005188754634957167,2155,2079,0.7299142857142856
1.3330008950262116,0.03792114179772408,1.329727656309935,1.3362741337424882,0.037716564377956785,0.038125719217491374,2158,1435,0.7092857142857142
1.3469121595703875,0.03147695307505434,1.3436389208541109,1.350185398286664,0.031272375655287045,0.031681530494821634,2175,1561,0.6978571428571427
1.359186804756425,0.025748785321570135,1.3559135660401485,1.3624600434727017,0.02554420790180284,0.02595336274133743,2190,1673,0.6878571428571425
1.3747346886587393,0.01950917401866769,1.3714614499424627,1.3780079273750159,0.019304596598900395,0.019713751438434984,2209,1795,0.6678571428571416
1.3894642628819844,0.013218418360823426,1.3861910241657078,1.392737501598261,0.013013840941056133,0.013422995780590719,2227,1918,0.6607142857142858
1.396829049993607,0.0069276627029791595,1.3935558112773303,1.4001022887098835,0.0067230852832118665,0.0071322401227464525,2236,2041,0.6449999999999996
