x_over_delta0,Cfx,x_lower,x_upper,y_lower,y_upper,pixel_x,pixel_y,marker_score
70.65734265734265,0.0025272572402044295,70.43356643356643,70.88111888111888,0.0025068143100511076,0.0025477001703577513,277,291,0.7897237975215288
72.61538461538461,0.0025170357751277683,72.39160839160839,72.83916083916084,0.0024965928449744465,0.00253747870528109,312,293,0.775834908632641
74.57342657342657,0.0025017035775127773,74.34965034965035,74.7972027972028,0.0024812606473594554,0.002522146507666099,347,296,0.7947385003150612
76.58741258741259,0.002491482112436116,76.36363636363636,76.81118881118881,0.0024710391822827943,0.002511925042589438,383,298,0.7758349086326397
78.54545454545455,0.0024863713798977853,78.32167832167832,78.76923076923077,0.0024659284497444635,0.002506814310051107,418,299,0.7758349086326395
80.55944055944056,0.002476149914821124,80.33566433566433,80.78321678321679,0.0024557069846678024,0.002496592844974446,454,301,0.810942204018763
82.51748251748252,0.0024659284497444635,82.2937062937063,82.74125874125875,0.0024454855195911417,0.0024863713798977853,489,303,0.7897237975215308
84.47552447552448,0.002419931856899489,84.25174825174825,84.69930069930071,0.002399488926746167,0.002440374787052811,524,312,0.7758349086326404
85.31468531468532,0.002169505962521295,85.0909090909091,85.53846153846155,0.002149063032367973,0.0021899488926746167,539,361,0.8039977595743196
85.7062937062937,0.001893526405451448,85.48251748251748,85.93006993006993,0.001873083475298126,0.00191396933560477,546,415,0.8109422040187644
85.98601398601399,0.001622657580919932,85.76223776223776,86.20979020979021,0.00160221465076661,0.001643100511073254,551,468,0.7897237975215279
86.15384615384616,0.0013722316865417375,85.93006993006993,86.37762237762239,0.0013517887563884155,0.0013926746166950596,554,517,0.7578764965343404
86.32167832167832,0.0011320272572402045,86.0979020979021,86.54545454545455,0.0011115843270868824,0.0011524701873935265,557,564,0.7897237975215298
86.54545454545455,0.0008764906303236797,86.32167832167832,86.76923076923077,0.0008560477001703578,0.0008969335604770017,561,614,0.8039977595743195
86.71328671328672,0.0006158432708688245,86.4895104895105,86.93706293706295,0.0005954003407155025,0.0006362862010221464,564,665,0.7578764965343404
86.88111888111888,0.0003654173764906303,86.65734265734265,87.1048951048951,0.0003449744463373084,0.0003858603066439523,567,714,0.8039977595743196
87.16083916083916,0.0001405451448040886,86.93706293706293,87.38461538461539,0.00012010221465076661,0.00016098807495741057,572,758,0.8271459077224677
87.8881118881119,-9.454855195911415e-05,87.66433566433567,88.11188811188812,-0.00011499148211243612,-7.410562180579217e-05,585,804,0.8109422040187644
88.78321678321679,6.899488926746167e-05,88.55944055944056,89.00699300699301,4.855195911413969e-05,8.943781942078365e-05,601,772,0.7251584050969673
90.62937062937063,-7.921635434412266e-05,90.4055944055944,90.85314685314685,-9.965928449744463e-05,-5.877342419080068e-05,634,801,0.7063904641881968
92.75524475524476,-0.00025809199318568995,92.53146853146853,92.97902097902099,-0.0002785349233390119,-0.00023764906303236797,672,836,0.6194470699432891
94.71328671328672,-0.0003091993185689949,94.4895104895105,94.93706293706295,-0.00032964224872231683,-0.00028875638841567293,707,846,0.6825859413288526
96.78321678321679,-0.0003091993185689949,96.55944055944056,97.00699300699301,-0.00032964224872231683,-0.00028875638841567293,744,846,0.6875043758314084
98.46153846153845,-0.00042674616695059623,98.23776223776223,98.68531468531468,-0.0004471890971039182,-0.0004063032367972743,774,869,0.7191591402366451
99.58041958041957,-0.0006567291311754685,99.35664335664335,99.8041958041958,-0.0006771720613287904,-0.0006362862010221465,794,914,0.6327977315689975
100.3076923076923,-0.00030408858603066436,100.08391608391608,100.53146853146853,-0.0003245315161839863,-0.0002836456558773424,807,845,0.6022019183644883
100.92307692307692,-0.0006158432708688245,100.6993006993007,101.14685314685315,-0.0006362862010221464,-0.0005954003407155025,818,906,0.6729984947139955
102.71328671328672,-0.000702725724020443,102.4895104895105,102.93706293706295,-0.0007231686541737649,-0.000682282793867121,850,923,0.6989821816145075
104.33566433566433,-0.0005085178875638841,104.1118881118881,104.55944055944056,-0.0005289608177172061,-0.0004880749574105622,879,885,0.6599585171182525
105.95804195804196,-0.00029386712095400344,105.73426573426573,106.18181818181819,-0.0003143100511073254,-0.0002734241908006815,908,843,0.7646459077224677
107.13286713286713,-7.410562180579217e-05,106.9090909090909,107.35664335664336,-9.454855195911415e-05,-5.366269165247019e-05,929,800,0.7276088706854307
108.1958041958042,0.00015076660988074957,107.97202797202797,108.41958041958043,0.0001303236797274276,0.00017120954003407155,948,756,0.6975162780928374
109.5944055944056,0.0003654173764906303,109.37062937062937,109.81818181818183,0.0003449744463373084,0.0003858603066439523,973,714,0.8039977595743198
110.82517482517483,0.0005902896081771721,110.6013986013986,111.04895104895105,0.0005698466780238501,0.000610732538330494,995,670,0.7897237975215294
112.0,0.0008151618398637139,111.77622377622377,112.22377622377623,0.0007947189097103919,0.0008356047700170358,1016,626,0.7897237975215283
113.28671328671328,0.0010298126064735946,113.06293706293705,113.5104895104895,0.0010093696763202726,0.0010502555366269167,1039,584,0.7758349086326393
114.57342657342657,0.0012495741056218058,114.34965034965035,114.7972027972028,0.0012291311754684838,0.0012700170357751279,1062,541,0.75787649653434
116.08391608391608,0.001469335604770017,115.86013986013985,116.3076923076923,0.001448892674616695,0.0014897785349233391,1089,498,0.7874089827067137
117.7062937062937,0.0016686541737649064,117.48251748251748,117.93006993006993,0.0016482112436115844,0.0016890971039182285,1118,459,0.8016829447595046
119.44055944055944,0.0018679727427597956,119.21678321678321,119.66433566433567,0.0018475298126064735,0.0018884156729131176,1149,420,0.7324135335713773
121.3986013986014,0.002057069846678024,121.17482517482517,121.62237762237763,0.002036626916524702,0.002077512776831346,1184,383,0.697516278092837
123.41258741258741,0.0021899488926746167,123.18881118881119,123.63636363636364,0.002169505962521295,0.0022103918228279385,1220,357,0.7027060141426874
125.37062937062937,0.0023126064735945486,125.14685314685315,125.5944055944056,0.0022921635434412268,0.0023330494037478704,1255,333,0.7046357557935999
127.38461538461539,0.0024045996592844975,127.16083916083916,127.60839160839161,0.0023841567291311757,0.0024250425894378194,1291,315,0.7457423160400467
129.34265734265733,0.0024863713798977853,129.11888111888112,129.56643356643355,0.0024659284497444635,0.002506814310051107,1326,299,0.6948163901141197
