x_over_delta0,Cp,x_lower,x_upper,y_lower,y_upper,pixel_x,pixel_y,marker_score
73.45454545454545,0.005454545454545454,73.23076923076923,73.67832167832168,0.002727272727272727,0.00818181818181818,327,1193,0.7066792690611214
75.41258741258741,0.005454545454545454,75.18881118881119,75.63636363636364,0.002727272727272727,0.00818181818181818,362,1193,0.6815444934537562
77.37062937062937,0.004772727272727273,77.14685314685315,77.5944055944056,0.002045454545454546,0.0075,397,1194,0.7052702513477562
79.38461538461539,0.004772727272727273,79.16083916083916,79.60839160839161,0.002045454545454546,0.0075,433,1194,0.7122146957922005
81.34265734265735,0.004772727272727273,81.11888111888112,81.56643356643357,0.002045454545454546,0.0075,468,1194,0.7050777147658055
83.35664335664336,0.005454545454545454,83.13286713286713,83.58041958041959,0.002727272727272727,0.00818181818181818,504,1193,0.7052702513477569
85.31468531468532,0.008863636363636363,85.0909090909091,85.53846153846155,0.006136363636363636,0.011590909090909091,539,1188,0.6962429111531198
86.6013986013986,0.04431818181818182,86.37762237762237,86.82517482517483,0.041590909090909095,0.04704545454545454,562,1136,0.7758349086326389
87.38461538461539,0.08863636363636364,87.16083916083916,87.60839160839161,0.08590909090909091,0.09136363636363637,576,1071,0.7758349086326406
87.94405594405595,0.13227272727272726,87.72027972027972,88.16783216783217,0.12954545454545455,0.13499999999999998,586,1007,0.7758349086326406
88.44755244755245,0.17386363636363636,88.22377622377623,88.67132867132868,0.17113636363636364,0.17659090909090908,595,946,0.775834908632639
89.23076923076923,0.21477272727272728,89.006993006993,89.45454545454545,0.21204545454545456,0.2175,609,886,0.7758349086326393
90.62937062937063,0.2556818181818182,90.4055944055944,90.85314685314685,0.25295454545454543,0.2584090909090909,634,826,0.7874089827067146
92.58741258741259,0.2863636363636364,92.36363636363636,92.81118881118881,0.28363636363636363,0.2890909090909091,669,781,0.6835880067212776
94.6013986013986,0.3061363636363636,94.37762237762237,94.82517482517483,0.30340909090909085,0.30886363636363634,705,752,0.645124448645242
96.55944055944056,0.3177272727272727,96.33566433566433,96.78321678321679,0.31499999999999995,0.32045454545454544,740,735,0.8039977595743192
98.57342657342657,0.3231818181818182,98.34965034965035,98.7972027972028,0.32045454545454544,0.3259090909090909,776,727,0.7897237975215291
100.53146853146853,0.32931818181818184,100.3076923076923,100.75524475524476,0.3265909090909091,0.3320454545454546,811,718,0.757876496534342
102.4895104895105,0.35795454545454547,102.26573426573427,102.71328671328672,0.3552272727272727,0.3606818181818182,846,676,0.7897237975215283
104.16783216783216,0.3975,103.94405594405593,104.39160839160839,0.3947727272727273,0.40022727272727276,876,618,0.7924236855002452
105.79020979020979,0.4377272727272727,105.56643356643356,106.01398601398601,0.43499999999999994,0.44045454545454543,905,559,0.8039977595743198
107.46853146853147,0.4772727272727273,107.24475524475524,107.6923076923077,0.47454545454545455,0.48000000000000004,935,501,0.7758349086326406
109.37062937062937,0.5161363636363636,109.14685314685315,109.5944055944056,0.5134090909090909,0.5188636363636363,969,444,0.7897237975215285
111.32867132867133,0.5543181818181818,111.1048951048951,111.55244755244756,0.5515909090909091,0.5570454545454545,1004,388,0.7758349086326402
113.28671328671328,0.5877272727272727,113.06293706293705,113.5104895104895,0.585,0.5904545454545453,1039,339,0.7947385003150605
115.3006993006993,0.6149999999999999,115.07692307692308,115.52447552447553,0.6122727272727272,0.6177272727272726,1075,299,0.8039977595743197
117.25874125874125,0.6361363636363636,117.03496503496503,117.48251748251748,0.6334090909090909,0.6388636363636363,1110,268,0.7897237975215298
119.21678321678323,0.6531818181818181,118.993006993007,119.44055944055945,0.6504545454545454,0.6559090909090908,1145,243,0.7947385003150597
121.23076923076923,0.6661363636363635,121.006993006993,121.45454545454545,0.6634090909090908,0.6688636363636362,1181,224,0.757876496534341
123.18881118881119,0.6777272727272727,122.96503496503496,123.41258741258741,0.675,0.6804545454545454,1216,207,0.8039977595743197
125.2027972027972,0.6879545454545454,124.97902097902097,125.42657342657343,0.6852272727272727,0.6906818181818181,1252,192,0.8109422040187632
127.16083916083916,0.6968181818181818,126.93706293706293,127.38461538461539,0.6940909090909091,0.6995454545454545,1287,179,0.7578764965343405
129.11888111888112,0.7036363636363635,128.8951048951049,129.34265734265733,0.7009090909090908,0.7063636363636362,1322,169,0.8039977595743188
