yplus,u_vd_plus,x_lower,x_upper,y_lower,y_upper,pixel_x,pixel_y,marker_score
0.6994639610522263,0.7299270072992701,0.6765889641805465,0.7231123454746669,0.6465067778936392,0.8133472367049009,422,1239,0.696050374571168
1.0599143160504696,1.105318039624609,1.0252512912000833,1.0957492733842302,1.0218978102189782,1.1887382690302397,472,1221,0.7002555485542247
1.6061132809169194,1.6684045881126173,1.553587577918199,1.6604148409801043,1.5849843587069865,1.751824817518248,522,1194,0.7066398865784506
2.2211116861275984,2.273201251303441,2.14847331488773,2.296205909595101,2.18978102189781,2.3566214807090717,561,1165,0.7098429951690819
3.3378414534983114,3.3576642335766422,3.228681987023332,3.4506915247367806,3.2742440041710115,3.441084462982273,610,1113,0.7115014352727015
4.428018088232856,4.4004171011470286,4.28320590982742,4.577726264509049,4.316996871741398,4.483837330552659,644,1063,0.7071999929986696
4.974516807081602,4.921793534932221,4.811832147490379,5.142701720558471,4.8383733055265905,5.005213764337852,658,1038,0.7330480291255348
6.17466952171363,5.922836287799791,5.972735535321572,6.383430754117008,5.839416058394161,6.006256517205422,684,990,0.7285146677868791
7.475602651368503,6.965589155370178,7.231123454746668,7.728347517627278,6.882168925964547,7.049009384775808,707,940,0.6972843590282153
9.050627698312569,8.02919708029197,8.754639496183911,9.356623053315715,7.94577685088634,8.112617309697601,730,889,0.6641636911013088
11.048957413047098,9.113660062565172,10.687616614475342,11.422514889800931,9.030239833159541,9.197080291970803,754,837,0.6546725127774276
13.601099170423364,10.177267987486966,13.156294122130662,14.060942764460789,10.093847758081335,10.260688216892596,779,786,0.6687539382482678
17.165522985857155,11.24087591240876,16.604148409801034,17.745877241380377,11.157455683003128,11.32429614181439,807,735,0.6785339214450746
22.39651809564982,12.283628779979145,21.664071093514345,23.15372861562188,12.200208550573514,12.367049009384775,839,685,0.6740399425890917
30.972390716062584,13.305526590198124,29.959481716901905,32.01954545586309,13.222106360792493,13.388946819603754,878,636,0.6704911433172298
44.64979760377282,14.264859228362878,43.189588018462715,46.159375847846704,14.181438998957248,14.348279457768509,922,590,0.7128710705033954
64.90443418398061,15.182481751824817,62.781824855140805,67.09880744088835,15.099061522419186,15.265901981230448,967,546,0.7186384162990972
93.56623053315715,16.141814389989573,90.50627698312569,96.72963895991609,16.05839416058394,16.225234619395206,1011,500,0.6887777427711264
132.6611269565232,17.18456725755996,128.32262914520072,137.14630632654058,17.101147028154326,17.26798748696559,1053,450,0.7459917384303018
181.9398355520342,18.248175182481752,175.98974605374764,188.09109339013307,18.16475495307612,18.331595411887385,1091,399,0.7011613456556748
235.41880736736388,19.27007299270073,227.7197624101913,243.37815161795393,19.186652763295097,19.353493222106362,1122,350,0.6900117272281736
297.114733047107,20.312825860271115,287.39800857318494,307.15997313939,20.229405630865482,20.396246089676747,1150,300,0.6892984667086753
371.87511032296425,21.3555787278415,359.7134515971928,384.4479461740431,21.272158498435868,21.438998957247133,1177,250,0.7665756493733799
473.24959688994767,22.419186652763294,457.77262645090445,489.2498328108703,22.33576642335766,22.502606882168926,1206,199,0.7578764965343404
649.0443418398062,23.00312825860271,627.8182485514077,670.9880744088839,22.91970802919708,23.086548488008344,1244,171,0.775834908632642
